attacker,layer_removed,leak_diff_mean,leak_diff_lo,leak_diff_hi,completed_pp_diff_mean,completed_pp_diff_lo,completed_pp_diff_hi,n_seeds
naive_single_client,attestation,0.00,0.00,0.00,0.000,0.000,0.000,10
naive_single_client,session,28.70,17.40,40.60,0.000,0.000,0.000,10
naive_single_client,network_subnet_asn,0.00,0.00,0.00,0.000,0.000,0.000,10
naive_single_client,number_intelligence,0.00,0.00,0.00,0.000,0.000,0.000,10
naive_single_client,risk_engine,0.00,0.00,0.00,0.151,0.049,0.259,10
naive_single_client,backoff,0.00,0.00,0.00,0.000,0.000,0.000,10
naive_single_client,adaptive_caps,0.00,0.00,0.00,0.000,0.000,0.000,10
naive_single_client,circuit_breaker,0.00,0.00,0.00,0.000,0.000,0.000,10
naive_single_client,feedback,0.00,0.00,0.00,0.000,0.000,0.000,10
naive_single_client,fine_destination_key,0.00,0.00,0.00,0.000,0.000,0.000,10
datacenter_rotation,attestation,0.00,0.00,0.00,0.000,0.000,0.000,10
datacenter_rotation,session,0.00,0.00,0.00,0.000,0.000,0.000,10
datacenter_rotation,network_subnet_asn,0.00,0.00,0.00,0.000,0.000,0.000,10
datacenter_rotation,number_intelligence,0.00,0.00,0.00,0.000,0.000,0.000,10
datacenter_rotation,risk_engine,80.30,69.00,91.20,-3.801,-6.152,-1.506,10
datacenter_rotation,backoff,0.00,0.00,0.00,0.000,0.000,0.000,10
datacenter_rotation,adaptive_caps,0.00,0.00,0.00,0.000,0.000,0.000,10
datacenter_rotation,circuit_breaker,0.00,0.00,0.00,0.000,0.000,0.000,10
datacenter_rotation,feedback,0.00,0.00,0.00,0.000,0.000,0.000,10
datacenter_rotation,fine_destination_key,0.00,0.00,0.00,0.000,0.000,0.000,10
residential_bot,attestation,0.00,0.00,0.00,0.000,0.000,0.000,10
residential_bot,session,0.00,0.00,0.00,0.000,0.000,0.000,10
residential_bot,network_subnet_asn,0.00,0.00,0.00,0.000,0.000,0.000,10
residential_bot,number_intelligence,0.00,0.00,0.00,0.000,0.000,0.000,10
residential_bot,risk_engine,-0.80,-2.40,0.00,0.046,-0.109,0.172,10
residential_bot,backoff,0.00,0.00,0.00,0.000,0.000,0.000,10
residential_bot,adaptive_caps,56.70,0.00,137.90,7.947,0.000,16.800,10
residential_bot,circuit_breaker,0.00,0.00,0.00,0.000,0.000,0.000,10
residential_bot,feedback,0.00,0.00,0.00,0.000,0.000,0.000,10
residential_bot,fine_destination_key,0.00,0.00,0.00,0.000,0.000,0.000,10
residential_captcha_farm,attestation,0.00,0.00,0.00,0.000,0.000,0.000,10
residential_captcha_farm,session,0.00,0.00,0.00,0.000,0.000,0.000,10
residential_captcha_farm,network_subnet_asn,0.00,0.00,0.00,0.000,0.000,0.000,10
residential_captcha_farm,number_intelligence,0.00,0.00,0.00,0.000,0.000,0.000,10
residential_captcha_farm,risk_engine,-3.80,-9.80,-0.20,-0.744,-2.213,0.125,10
residential_captcha_farm,backoff,0.00,0.00,0.00,0.000,0.000,0.000,10
residential_captcha_farm,adaptive_caps,309.50,194.15,420.53,28.688,21.126,35.302,10
residential_captcha_farm,circuit_breaker,0.00,0.00,0.00,0.000,0.000,0.000,10
residential_captcha_farm,feedback,0.00,0.00,0.00,0.000,0.000,0.000,10
residential_captcha_farm,fine_destination_key,0.00,0.00,0.00,0.000,0.000,0.000,10
residential_aged_fps,attestation,0.00,0.00,0.00,0.000,0.000,0.000,10
residential_aged_fps,session,0.00,0.00,0.00,0.000,0.000,0.000,10
residential_aged_fps,network_subnet_asn,0.00,0.00,0.00,0.000,0.000,0.000,10
residential_aged_fps,number_intelligence,0.00,0.00,0.00,0.000,0.000,0.000,10
residential_aged_fps,risk_engine,-3.80,-9.80,-0.20,-0.744,-2.213,0.125,10
residential_aged_fps,backoff,0.00,0.00,0.00,0.000,0.000,0.000,10
residential_aged_fps,adaptive_caps,309.50,194.15,420.53,28.688,21.126,35.302,10
residential_aged_fps,circuit_breaker,0.00,0.00,0.00,0.000,0.000,0.000,10
residential_aged_fps,feedback,0.00,0.00,0.00,0.000,0.000,0.000,10
residential_aged_fps,fine_destination_key,0.00,0.00,0.00,0.000,0.000,0.000,10
residential_reused_profile,attestation,0.00,0.00,0.00,0.000,0.000,0.000,10
residential_reused_profile,session,39.50,30.30,48.50,-7.190,-10.379,-4.072,10
residential_reused_profile,network_subnet_asn,0.00,0.00,0.00,0.000,0.000,0.000,10
residential_reused_profile,number_intelligence,0.00,0.00,0.00,0.000,0.000,0.000,10
residential_reused_profile,risk_engine,1.00,0.30,1.70,-0.050,-0.252,0.148,10
residential_reused_profile,backoff,0.00,0.00,0.00,0.000,0.000,0.000,10
residential_reused_profile,adaptive_caps,27.00,15.20,38.60,4.553,2.646,6.401,10
residential_reused_profile,circuit_breaker,0.00,0.00,0.00,0.000,0.000,0.000,10
residential_reused_profile,feedback,138.20,121.80,154.50,-26.639,-32.498,-19.493,10
residential_reused_profile,fine_destination_key,0.00,0.00,0.00,0.000,0.000,0.000,10
sequential_numbers,attestation,0.00,0.00,0.00,0.000,0.000,0.000,10
sequential_numbers,session,0.00,0.00,0.00,0.022,0.000,0.067,10
sequential_numbers,network_subnet_asn,0.00,0.00,0.00,0.000,0.000,0.000,10
sequential_numbers,number_intelligence,12.20,9.80,14.50,-0.850,-1.447,-0.334,10
sequential_numbers,risk_engine,165.50,153.80,176.40,-30.806,-35.751,-25.064,10
sequential_numbers,backoff,0.00,0.00,0.00,0.000,0.000,0.000,10
sequential_numbers,adaptive_caps,4.60,2.00,7.80,1.321,0.610,2.079,10
sequential_numbers,circuit_breaker,0.00,0.00,0.00,0.000,0.000,0.000,10
sequential_numbers,feedback,151.60,144.40,158.30,-21.989,-30.772,-12.026,10
sequential_numbers,fine_destination_key,121.00,100.80,140.61,-7.732,-11.954,-3.713,10
premium_pumping,attestation,0.00,0.00,0.00,0.000,0.000,0.000,10
premium_pumping,session,0.00,0.00,0.00,0.000,0.000,0.000,10
premium_pumping,network_subnet_asn,0.00,0.00,0.00,0.000,0.000,0.000,10
premium_pumping,number_intelligence,72.60,56.10,90.50,-2.391,-3.227,-1.504,10
premium_pumping,risk_engine,0.00,0.00,0.00,0.151,0.049,0.259,10
premium_pumping,backoff,0.00,0.00,0.00,0.000,0.000,0.000,10
premium_pumping,adaptive_caps,0.00,0.00,0.00,0.000,0.000,0.000,10
premium_pumping,circuit_breaker,0.00,0.00,0.00,0.000,0.000,0.000,10
premium_pumping,feedback,0.00,0.00,0.00,0.000,0.000,0.000,10
premium_pumping,fine_destination_key,0.00,0.00,0.00,0.000,0.000,0.000,10
spoofed_platform,attestation,-223.20,-249.81,-199.40,31.601,23.115,38.615,10
spoofed_platform,session,0.00,0.00,0.00,0.000,0.000,0.000,10
spoofed_platform,network_subnet_asn,0.00,0.00,0.00,0.000,0.000,0.000,10
spoofed_platform,number_intelligence,0.00,0.00,0.00,0.000,0.000,0.000,10
spoofed_platform,risk_engine,-3.80,-9.80,-0.20,-0.744,-2.213,0.125,10
spoofed_platform,backoff,0.00,0.00,0.00,0.000,0.000,0.000,10
spoofed_platform,adaptive_caps,309.50,194.15,420.53,28.688,21.126,35.302,10
spoofed_platform,circuit_breaker,0.00,0.00,0.00,0.000,0.000,0.000,10
spoofed_platform,feedback,0.00,0.00,0.00,0.000,0.000,0.000,10
spoofed_platform,fine_destination_key,0.00,0.00,0.00,0.000,0.000,0.000,10
